,kx,ky,kz,vb3,vb2,vb1,cb
0,0.0,0.0,0.0,1.5327,1.532704,1.532704,8.713468
1,0.04,0.0,0.0,1.414463,1.520338,1.520342,8.827846
2,0.08,0.0,0.0,1.08903,1.484281,1.484285,9.142874
3,0.12,0.0,0.0,0.615149,1.426189,1.426193,9.593267
4,0.16,0.0,0.0,0.056336,1.353391,1.353395,10.109627
5,0.2,0.0,0.0,-0.542142,1.269134,1.269138,10.626894
6,0.24,0.0,0.0,-1.142951,1.178606,1.17861,11.089485
7,0.28,0.0,0.0,-1.71565,1.090468,1.090471,11.459426
8,0.32,0.0,0.0,-2.234903,1.005577,1.005581,11.713076
9,0.36,0.0,0.0,-2.679939,0.93341,0.933414,11.860292
10,0.4,0.0,0.0,-3.035141,0.877244,0.877248,11.930717
11,0.44,0.0,0.0,-3.2799,0.836815,0.836819,11.956854
12,0.48,0.0,0.0,-3.405856,0.816119,0.816123,11.963407
13,0.04,0.04,0.0,1.400491,1.504541,1.504544,8.865753
14,0.08,0.04,0.0,1.154243,1.463966,1.478109,9.113219
15,0.12,0.04,0.0,0.735981,1.404386,1.43574,9.517497
16,0.16,0.04,0.0,0.212733,1.329228,1.373018,10.01113
17,0.2,0.04,0.0,-0.365047,1.243943,1.294042,10.529794
18,0.24,0.04,0.0,-0.956062,1.153956,1.204979,11.016426
19,0.28,0.04,0.0,-1.53232,1.064992,1.108072,11.421691
20,0.32,0.04,0.0,-2.062956,0.983461,1.016175,11.71761
21,0.36,0.04,0.0,-2.528429,0.911837,0.930322,11.90118
22,0.4,0.04,0.0,-2.910537,0.857127,0.857493,11.995099
23,0.44,0.04,0.0,-3.190043,0.800984,0.820139,12.034144
24,0.48,0.04,0.0,-3.354245,0.765248,0.802623,12.046303
25,-0.48,0.04,0.0,-3.396894,0.747495,0.804318,12.048238
26,-0.44,0.04,0.0,-3.312534,0.751926,0.827866,12.044628
27,-0.4,0.04,0.0,-3.108692,0.776481,0.870122,12.026761
28,-0.36,0.04,0.0,-2.792889,0.822501,0.929597,11.972984
29,-0.32,0.04,0.0,-2.381033,0.887646,1.003758,11.853117
30,-0.28,0.04,0.0,-1.892445,0.964099,1.087647,11.632575
31,-0.24,0.04,0.0,-1.34363,1.054215,1.179432,11.298081
32,-0.2,0.04,0.0,-0.760402,1.150025,1.268668,10.860809
33,-0.16,0.04,0.0,-0.171214,1.244005,1.352224,10.355989
34,-0.12,0.04,0.0,0.390533,1.333112,1.424324,9.838627
35,-0.08,0.04,0.0,0.880922,1.410806,1.478468,9.367586
36,-0.04,0.04,0.0,1.241571,1.474892,1.511387,9.008694
37,0.08,0.08,0.0,1.041159,1.421629,1.421632,9.283981
38,0.12,0.08,0.0,0.724661,1.359463,1.372712,9.621095
39,0.16,0.08,0.0,0.272738,1.282277,1.315834,10.069553
40,0.2,0.08,0.0,-0.255054,1.195568,1.239177,10.569869
41,0.24,0.08,0.0,-0.811425,1.104558,1.146873,11.065581
42,0.28,0.08,0.0,-1.364314,1.016862,1.042793,11.503876
43,0.32,0.08,0.0,-1.885376,0.935905,0.936707,11.845803
44,0.36,0.08,0.0,-2.353658,0.833232,0.865649,12.073292
45,0.4,0.08,0.0,-2.747334,0.740779,0.813444,12.200645
46,0.44,0.08,0.0,-3.050058,0.661838,0.777195,12.258935
47,0.48,0.08,0.0,-3.245979,0.602303,0.762436,12.281593
48,-0.48,0.08,0.0,-3.325562,0.565336,0.768162,12.289184
49,-0.44,0.08,0.0,-3.284376,0.552277,0.794394,12.289791
50,-0.4,0.08,0.0,-3.125089,0.562266,0.838067,12.278277
51,-0.36,0.08,0.0,-2.855735,0.598774,0.89878,12.237112
52,-0.32,0.08,0.0,-2.489243,0.657031,0.974863,12.1364
53,-0.28,0.08,0.0,-2.045087,0.735418,1.061377,11.941849
54,-0.24,0.08,0.0,-1.541259,0.832946,1.152017,11.632752
55,-0.2,0.08,0.0,-1.001186,0.942759,1.243724,11.215708
56,-0.16,0.08,0.0,-0.450911,1.061025,1.327001,10.728918
57,-0.12,0.08,0.0,0.072477,1.181574,1.396869,10.219141
58,-0.08,0.08,0.0,0.532408,1.301064,1.448398,9.74557
59,0.12,0.12,0.0,0.541199,1.295003,1.295006,9.885206
60,0.16,0.12,0.0,0.197936,1.216162,1.22403,10.27202
61,0.2,0.12,0.0,-0.245478,1.127895,1.14357,10.732473
62,0.24,0.12,0.0,-0.738157,1.03616,1.046553,11.218064
63,0.28,0.12,0.0,-1.242298,0.931147,0.947865,11.677197
64,0.32,0.12,0.0,-1.730349,0.805037,0.867857,12.061452
65,0.36,0.12,0.0,-2.177938,0.678388,0.799756,12.337594
66,0.4,0.12,0.0,-2.566282,0.556857,0.747535,12.505847
67,0.44,0.12,0.0,-2.875072,0.450956,0.714002,12.591938
68,0.48,0.12,0.0,-3.089275,0.362573,0.70073,12.632027
69,-0.48,0.12,0.0,-3.198105,0.299111,0.708358,12.651165
70,-0.44,0.12,0.0,-3.194749,0.263199,0.73636,12.661123
71,-0.4,0.12,0.0,-3.080012,0.256854,0.784036,12.658482
72,-0.36,0.12,0.0,-2.861,0.280983,0.84743,12.62887
73,-0.32,0.12,0.0,-2.550288,0.334792,0.923489,12.542444
74,-0.28,0.12,0.0,-2.163589,0.420839,1.010606,12.364025
75,-0.24,0.12,0.0,-1.723645,0.534691,1.102989,12.069244
76,-0.2,0.12,0.0,-1.25107,0.674431,1.195085,11.663902
77,-0.16,0.12,0.0,-0.77532,0.834229,1.277189,11.185761
78,-0.12,0.12,0.0,-0.32286,1.007295,1.347075,10.685734
79,0.16,0.16,0.0,-0.023848,1.135502,1.135505,10.591649
80,0.2,0.16,0.0,-0.36155,1.046056,1.046446,10.996404
81,0.24,0.16,0.0,-0.768502,0.941435,0.953206,11.448227
82,0.28,0.16,0.0,-1.199481,0.815228,0.865518,11.909421
83,0.32,0.16,0.0,-1.630298,0.668349,0.785582,12.324428
84,0.36,0.16,0.0,-2.033762,0.512697,0.718595,12.650073
85,0.4,0.16,0.0,-2.392404,0.357153,0.667217,12.860742
86,0.44,0.16,0.0,-2.686376,0.21063,0.63377,12.97927
87,0.48,0.16,0.0,-2.900835,0.084929,0.621718,13.042858
88,-0.48,0.16,0.0,-3.024224,-0.013407,0.631219,13.081642
89,-0.44,0.16,0.0,-3.048319,-0.081167,0.660823,13.107137
90,-0.4,0.16,0.0,-2.974494,-0.111557,0.710062,13.120177
91,-0.36,0.16,0.0,-2.806498,-0.10216,0.774742,13.105531
92,-0.32,0.16,0.0,-2.556673,-0.047659,0.854986,13.034086
93,-0.28,0.16,0.0,-2.243017,0.050498,0.943554,12.865386
94,-0.24,0.16,0.0,-1.8855,0.19352,1.036148,12.571267
95,-0.2,0.16,0.0,-1.507841,0.378276,1.125713,12.161264
96,-0.16,0.16,0.0,-1.13115,0.59759,1.209193,11.680322
97,0.2,0.2,0.0,-0.596793,0.954212,0.954215,11.339489
98,0.24,0.2,0.0,-0.908727,0.853873,0.862189,11.743246
99,0.28,0.2,0.0,-1.259405,0.726452,0.773056,12.1773
100,0.32,0.2,0.0,-1.617283,0.566749,0.692945,12.600843
101,0.36,0.2,0.0,-1.957397,0.382815,0.626526,12.962397
102,0.4,0.2,0.0,-2.264044,0.187254,0.574915,13.212417
103,0.44,0.2,0.0,-2.517749,-0.004023,0.543245,13.361422
104,0.48,0.2,0.0,-2.708331,-0.182006,0.530849,13.448162
105,-0.48,0.2,0.0,-2.823537,-0.332171,0.54094,13.509812
106,-0.44,0.2,0.0,-2.858058,-0.443246,0.572104,13.561911
107,-0.4,0.2,0.0,-2.811707,-0.508845,0.621876,13.600545
108,-0.36,0.2,0.0,-2.689973,-0.517124,0.689588,13.61071
109,-0.32,0.2,0.0,-2.506698,-0.464794,0.770294,13.55566
110,-0.28,0.2,0.0,-2.280567,-0.344925,0.859224,13.389916
111,-0.24,0.2,0.0,-2.027532,-0.156657,0.952978,13.086073
112,-0.2,0.2,0.0,-1.767743,0.091154,1.044138,12.656508
113,0.24,0.24,0.0,-1.13702,0.768187,0.76819,12.086718
114,0.28,0.24,0.0,-1.411273,0.659857,0.678431,12.468742
115,0.32,0.24,0.0,-1.697658,0.512262,0.598284,12.87243
116,0.36,0.24,0.0,-1.971591,0.321024,0.531363,13.24346
117,0.4,0.24,0.0,-2.214818,0.097201,0.480175,13.51632
118,0.44,0.24,0.0,-2.411843,-0.142969,0.44782,13.672938
119,0.48,0.24,0.0,-2.553718,-0.379288,0.436324,13.770063
120,-0.48,0.24,0.0,-2.633067,-0.596449,0.445536,13.853996
121,-0.44,0.24,0.0,-2.64782,-0.772881,0.478345,13.940512
122,-0.4,0.24,0.0,-2.603252,-0.892318,0.529137,14.019268
123,-0.36,0.24,0.0,-2.514423,-0.934871,0.595915,14.065779
124,-0.32,0.24,0.0,-2.40045,-0.883444,0.676403,14.034766
125,-0.28,0.24,0.0,-2.279111,-0.726945,0.766367,13.870238
126,-0.24,0.24,0.0,-2.1575,-0.475754,0.86066,13.541557
127,0.28,0.28,0.0,-1.620277,0.587977,0.58798,12.785478
128,0.32,0.28,0.0,-1.848549,0.47913,0.506146,13.131515
129,0.36,0.28,0.0,-2.067879,0.313793,0.439489,13.4768
130,0.4,0.28,0.0,-2.256916,0.093361,0.387507,13.735706
131,0.44,0.28,0.0,-2.398387,-0.169932,0.356071,13.856468
132,0.48,0.28,0.0,-2.483582,-0.456895,0.343386,13.933866
133,-0.48,0.28,0.0,-2.507088,-0.744701,0.353025,14.028634
134,-0.44,0.28,0.0,-2.469157,-1.009251,0.383207,14.147425
135,-0.4,0.28,0.0,-2.382409,-1.220472,0.433745,14.273134
136,-0.36,0.28,0.0,-2.287902,-1.328233,0.500583,14.370545
137,-0.32,0.28,0.0,-2.240211,-1.274881,0.582626,14.37896
138,-0.28,0.28,0.0,-2.252972,-1.055423,0.672733,14.221719
139,0.32,0.32,0.0,-2.031125,0.42609,0.426092,13.392115
140,0.36,0.32,0.0,-2.212002,0.317579,0.35689,13.665128
141,0.4,0.32,0.0,-2.364503,0.140415,0.303738,13.845154
142,0.44,0.32,0.0,-2.470089,-0.102845,0.269484,13.858201
143,0.48,0.32,0.0,-2.515675,-0.399097,0.256831,13.903751
144,-0.48,0.32,0.0,-2.49528,-0.727561,0.264946,14.002309
145,-0.44,0.32,0.0,-2.402715,-1.063756,0.295387,14.145159
146,-0.4,0.32,0.0,-2.241672,-1.38651,0.343627,14.310414
147,-0.36,0.32,0.0,-2.044904,-1.650851,0.409513,14.455587
148,-0.32,0.32,0.0,-2.054977,-1.603247,0.490745,14.508082
149,0.36,0.36,0.0,-2.364742,0.286733,0.286736,13.824649
150,0.4,0.36,0.0,-2.496004,0.184075,0.231992,13.692394
151,0.44,0.36,0.0,-2.583924,0.00206,0.196763,13.664247
152,0.48,0.36,0.0,-2.615409,-0.25503,0.180908,13.716407
153,-0.48,0.36,0.0,-2.580204,-0.569566,0.188089,13.830431
154,-0.44,0.36,0.0,-2.475409,-0.918425,0.216037,13.991476
155,-0.4,0.36,0.0,-2.301446,-1.273229,0.265315,14.181051
156,-0.36,0.36,0.0,-2.0805,-1.597845,0.329633,14.360125
157,0.4,0.4,0.0,-2.616765,0.174907,0.17491,13.496799
158,0.44,0.4,0.0,-2.698727,0.084514,0.137907,13.424497
159,0.48,0.4,0.0,-2.729269,-0.095486,0.121294,13.467955
160,-0.48,0.4,0.0,-2.697934,-0.351002,0.126949,13.595083
161,-0.44,0.4,0.0,-2.606412,-0.66187,0.15402,13.774113
162,-0.4,0.4,0.0,-2.461208,-0.988407,0.201232,13.980842
163,0.44,0.44,0.0,-2.782018,0.098887,0.098889,13.277764
164,0.48,0.44,0.0,-2.820073,0.022547,0.080114,13.262458
165,-0.48,0.44,0.0,-2.801079,-0.144934,0.083503,13.366474
166,-0.44,0.44,0.0,-2.726328,-0.386046,0.108046,13.551372
167,0.48,0.48,0.0,-2.86715,0.059549,0.059552,13.168084
168,-0.48,0.48,0.0,-2.860518,0.001408,0.060716,13.208323
169,0.12,0.08,0.04,0.88509,1.391127,1.452105,9.404645
170,0.16,0.08,0.04,0.465047,1.300906,1.409103,9.829333
171,0.2,0.08,0.04,-0.047459,1.20328,1.347016,10.326463
172,0.24,0.08,0.04,-0.605898,1.100504,1.268317,10.835063
173,0.28,0.08,0.04,-1.172305,0.99767,1.179,11.299811
174,0.32,0.08,0.04,-1.71498,0.899849,1.085978,11.6772
175,0.36,0.08,0.04,-2.210357,0.81308,0.996553,11.941994
176,0.4,0.08,0.04,-2.63707,0.74036,0.917728,12.097676
177,0.44,0.08,0.04,-2.976836,0.683231,0.853172,12.173563
178,0.48,0.08,0.04,-3.213984,0.644768,0.806633,12.202473
179,-0.48,0.08,0.04,-3.334998,0.626808,0.783036,12.210505
180,0.16,0.12,0.04,0.406941,1.260675,1.33098,9.981962
181,0.2,0.12,0.04,-0.027915,1.148919,1.276658,10.434097
182,0.24,0.12,0.04,-0.524649,1.033594,1.204613,10.92749
183,0.28,0.12,0.04,-1.044344,0.919049,1.118424,11.409129
184,0.32,0.12,0.04,-1.557463,0.806627,1.024986,11.824485
185,0.36,0.12,0.04,-2.036378,0.702066,0.93524,12.138867
186,0.4,0.12,0.04,-2.460679,0.606879,0.855294,12.338874
187,0.44,0.12,0.04,-2.809511,0.526174,0.792102,12.4452
188,0.48,0.12,0.04,-3.06616,0.460325,0.750119,12.492618
189,-0.48,0.12,0.04,-3.217301,0.412934,0.732327,12.51043
190,-0.44,0.12,0.04,-3.255142,0.387838,0.737604,12.516462
191,-0.4,0.12,0.04,-3.176589,0.388151,0.766409,12.514292
192,-0.36,0.12,0.04,-2.987155,0.412735,0.815794,12.493839
193,-0.32,0.12,0.04,-2.697523,0.461456,0.8836,12.432023
194,-0.28,0.12,0.04,-2.321144,0.534675,0.964023,12.295863
195,-0.24,0.12,0.04,-1.878054,0.631084,1.052875,12.05256
196,-0.2,0.12,0.04,-1.389451,0.746227,1.144351,11.694531
197,-0.16,0.12,0.04,-0.87903,0.876806,1.233001,11.24486
198,-0.12,0.12,0.04,-0.377198,1.016451,1.309889,10.747258
199,-0.08,0.12,0.04,0.083422,1.161549,1.370395,10.257471
200,0.2,0.16,0.04,-0.134185,1.096752,1.170255,10.665617
201,0.24,0.16,0.04,-0.544625,0.967893,1.104056,11.12272
202,0.28,0.16,0.04,-0.994542,0.836574,1.022183,11.598298
203,0.32,0.16,0.04,-1.451723,0.703593,0.931739,12.039902
204,0.36,0.16,0.04,-1.89045,0.571585,0.843296,12.401419
205,0.4,0.16,0.04,-2.288131,0.444028,0.766296,12.651719
206,0.44,0.16,0.04,-2.626263,0.32493,0.707926,12.795837
207,0.48,0.16,0.04,-2.885127,0.22215,0.671248,12.868875
208,-0.48,0.16,0.04,-3.052473,0.140545,0.658117,12.90451
209,-0.44,0.16,0.04,-3.1183,0.08544,0.669198,12.923909
210,-0.4,0.16,0.04,-3.078865,0.059495,0.701261,12.932517
211,-0.36,0.16,0.04,-2.936326,0.066916,0.75426,12.923618
212,-0.32,0.16,0.04,-2.701397,0.108788,0.824015,12.875244
213,-0.28,0.16,0.04,-2.387787,0.185159,0.905479,12.751555
214,-0.24,0.16,0.04,-2.01311,0.297308,0.996515,12.519674
215,-0.2,0.16,0.04,-1.601161,0.442379,1.088284,12.16712
216,-0.16,0.16,0.04,-1.174443,0.618016,1.17626,11.7211
217,-0.12,0.16,0.04,-0.759425,0.813679,1.250615,11.229129
218,0.24,0.2,0.04,-0.679296,0.91205,0.986067,11.39961
219,0.28,0.2,0.04,-1.045929,0.769853,0.911234,11.84529
220,0.32,0.2,0.04,-1.429969,0.619131,0.824828,12.293046
221,0.36,0.2,0.04,-1.8064,0.457438,0.739099,12.690015
222,0.4,0.2,0.04,-2.154603,0.291123,0.665722,12.987697
223,0.44,0.2,0.04,-2.456319,0.127789,0.610932,13.172137
224,0.48,0.2,0.04,-2.695224,-0.023173,0.578066,13.27437
225,-0.48,0.2,0.04,-2.857949,-0.151499,0.56871,13.333243
226,-0.44,0.2,0.04,-2.936828,-0.248903,0.58222,13.373448
227,-0.4,0.2,0.04,-2.924101,-0.308546,0.617772,13.40223
228,-0.36,0.2,0.04,-2.824358,-0.325158,0.673213,13.411563
229,-0.32,0.2,0.04,-2.646783,-0.293086,0.744963,13.379519
230,-0.28,0.2,0.04,-2.404223,-0.207764,0.829242,13.268761
231,-0.24,0.2,0.04,-2.116991,-0.069395,0.919933,13.036408
232,-0.2,0.2,0.04,-1.804512,0.121762,1.013443,12.673718
233,-0.16,0.2,0.04,-1.485682,0.35667,1.101285,12.215937
234,0.28,0.24,0.04,-1.1955,0.720013,0.792773,12.137351
235,0.32,0.24,0.04,-1.504518,0.569537,0.713248,12.561265
236,0.36,0.24,0.04,-1.810685,0.393868,0.629976,12.970758
237,0.4,0.24,0.04,-2.095013,0.195323,0.558809,13.303521
238,0.44,0.24,0.04,-2.340178,-0.014799,0.506651,13.520089
239,0.48,0.24,0.04,-2.534168,-0.222034,0.476297,13.642584
240,-0.48,0.24,0.04,-2.666014,-0.410562,0.469874,13.72328
241,-0.44,0.24,0.04,-2.731387,-0.567947,0.484828,13.790409
242,-0.4,0.24,0.04,-2.725713,-0.677997,0.522481,13.850864
243,-0.36,0.24,0.04,-2.655121,-0.729467,0.579632,13.891828
244,-0.32,0.24,0.04,-2.531449,-0.710786,0.653548,13.885811
245,-0.28,0.24,0.04,-2.371379,-0.61315,0.739245,13.785112
246,-0.24,0.24,0.04,-2.191602,-0.433449,0.832016,13.543232
247,-0.2,0.24,0.04,-2.000321,-0.180784,0.926083,13.156851
248,0.32,0.28,0.04,-1.656304,0.535532,0.603135,12.837694
249,0.36,0.28,0.04,-1.901184,0.376638,0.523961,13.223935
250,0.4,0.28,0.04,-2.124716,0.174706,0.454569,13.56762
251,0.44,0.28,0.04,-2.310361,-0.065026,0.403506,13.786457
252,0.48,0.28,0.04,-2.445922,-0.323752,0.37366,13.899531
253,-0.48,0.28,0.04,-2.52522,-0.581301,0.367155,13.986615
254,-0.44,0.28,0.04,-2.544884,-0.816009,0.384265,14.081582
255,-0.4,0.28,0.04,-2.510376,-1.003991,0.422277,14.183122
256,-0.36,0.28,0.04,-2.437974,-1.115459,0.481691,14.271477
257,-0.32,0.28,0.04,-2.356547,-1.120818,0.556829,14.305147
258,-0.28,0.28,0.04,-2.292096,-0.997771,0.643343,14.221223
259,-0.24,0.28,0.04,-2.243523,-0.756629,0.737276,13.964182
260,0.36,0.32,0.04,-2.047427,0.368958,0.428829,13.448998
261,0.4,0.32,0.04,-2.22664,0.202807,0.358099,13.764855
262,0.44,0.32,0.04,-2.367857,-0.025813,0.305973,13.929319
263,0.48,0.32,0.04,-2.45533,-0.303309,0.27652,13.983793
264,-0.48,0.32,0.04,-2.482761,-0.608472,0.269657,14.058463
265,-0.44,0.32,0.04,-2.444174,-0.918857,0.287432,14.172128
266,-0.4,0.32,0.04,-2.344738,-1.208338,0.325941,14.313308
267,-0.36,0.32,0.04,-2.208829,-1.436451,0.384498,14.452065
268,-0.32,0.32,0.04,-2.12727,-1.502877,0.460798,14.536814
269,-0.28,0.32,0.04,-2.186595,-1.322307,0.548983,14.482749
270,0.4,0.36,0.04,-2.362769,0.224479,0.278386,13.905735
271,0.44,0.36,0.04,-2.478091,0.054141,0.220454,13.852314
272,0.48,0.36,0.04,-2.540528,-0.192597,0.190188,13.865732
273,-0.48,0.36,0.04,-2.541336,-0.497904,0.183043,13.943196
274,-0.44,0.36,0.04,-2.471796,-0.836898,0.199456,14.073596
275,-0.4,0.36,0.04,-2.330451,-1.188254,0.23769,14.241657
276,-0.36,0.36,0.04,-2.117889,-1.530443,0.296626,14.419643
277,-0.32,0.36,0.04,-1.850956,-1.838472,0.371925,14.548429
278,0.44,0.4,0.04,-2.59887,0.111916,0.159138,13.59816
279,0.48,0.4,0.04,-2.653774,-0.057644,0.118824,13.615915
280,-0.48,0.4,0.04,-2.649455,-0.312863,0.110179,13.714369
281,-0.44,0.4,0.04,-2.581332,-0.627168,0.124969,13.86706
282,-0.4,0.4,0.04,-2.449378,-0.968783,0.162506,14.05593
283,-0.36,0.4,0.04,-2.268782,-1.3012,0.221057,14.256743
284,0.48,0.44,0.04,-2.755201,0.033516,0.075519,13.384351
285,-0.48,0.44,0.04,-2.758311,-0.128666,0.055668,13.464654
286,-0.44,0.44,0.04,-2.702434,-0.376953,0.068636,13.628195
287,-0.4,0.44,0.04,-2.593174,-0.672686,0.105178,13.836065
288,-0.48,0.48,0.04,-2.834018,-0.006752,0.032437,13.277266
289,-0.44,0.48,0.04,-2.793053,-0.152712,0.034531,13.413725
290,0.24,0.16,0.08,-0.406836,0.98554,1.230366,10.884549
291,0.28,0.16,0.08,-0.837885,0.820004,1.163381,11.36894
292,0.32,0.16,0.08,-1.29079,0.663415,1.080001,11.839894
293,0.36,0.16,0.08,-1.738435,0.520616,0.989159,12.243511
294,0.4,0.16,0.08,-2.15542,0.39715,0.899919,12.541763
295,0.44,0.16,0.08,-2.522397,0.29496,0.8174,12.723305
296,0.48,0.16,0.08,-2.81552,0.217774,0.749875,12.814854
297,-0.48,0.16,0.08,-3.021668,0.165879,0.701991,12.85257
298,-0.44,0.16,0.08,-3.128159,0.139512,0.676113,12.864851
299,0.28,0.2,0.08,-0.896263,0.787131,1.050191,11.572888
300,0.32,0.2,0.08,-1.275342,0.606489,0.975728,12.042732
301,0.36,0.2,0.08,-1.66003,0.431903,0.88767,12.478932
302,0.4,0.2,0.08,-2.026953,0.272107,0.799597,12.831419
303,0.44,0.2,0.08,-2.357706,0.130888,0.718593,13.06552
304,0.48,0.2,0.08,-2.632743,0.011004,0.653078,13.19512
305,-0.48,0.2,0.08,-2.836088,-0.083569,0.608377,13.257902
306,-0.44,0.2,0.08,-2.956034,-0.149715,0.588226,13.287244
307,-0.4,0.2,0.08,-2.982915,-0.183215,0.594621,13.301385
308,-0.36,0.2,0.08,-2.916821,-0.183356,0.624752,13.301746
309,-0.32,0.2,0.08,-2.762118,-0.14655,0.678431,13.276221
310,-0.28,0.2,0.08,-2.53051,-0.070681,0.751045,13.198059
311,-0.24,0.2,0.08,-2.237264,0.043433,0.834818,13.025381
312,-0.2,0.2,0.08,-1.900572,0.196505,0.927108,12.730966
313,-0.16,0.2,0.08,-1.543242,0.382581,1.016881,12.322424
314,-0.12,0.2,0.08,-1.182784,0.59511,1.09777,11.849804
315,0.32,0.24,0.08,-1.353292,0.581621,0.848451,12.284353
316,0.36,0.24,0.08,-1.66556,0.390152,0.768524,12.731732
317,0.4,0.24,0.08,-1.967359,0.196396,0.680625,13.126467
318,0.44,0.24,0.08,-2.241805,0.010319,0.600507,13.411975
319,0.48,0.24,0.08,-2.472943,-0.162041,0.537234,13.579871
320,-0.48,0.24,0.08,-2.647396,-0.313711,0.497143,13.670255
321,-0.44,0.24,0.08,-2.757388,-0.435578,0.481392,13.723351
322,-0.4,0.24,0.08,-2.793346,-0.518274,0.493248,13.761218
323,-0.36,0.24,0.08,-2.755206,-0.55457,0.529009,13.784778
324,-0.32,0.24,0.08,-2.648204,-0.538401,0.587146,13.781201
325,-0.28,0.24,0.08,-2.484017,-0.464295,0.662796,13.717615
326,-0.24,0.24,0.08,-2.277055,-0.329401,0.750869,13.548038
327,-0.2,0.24,0.08,-2.042809,-0.135082,0.845105,13.23871
328,-0.16,0.24,0.08,-1.795375,0.107589,0.935221,12.810711
329,0.36,0.28,0.08,-1.75547,0.385892,0.641428,12.980345
330,0.4,0.28,0.08,-1.993592,0.183425,0.557598,13.392454
331,0.44,0.28,0.08,-2.205844,-0.034275,0.476432,13.71863
332,0.48,0.28,0.08,-2.376545,-0.258351,0.414498,13.911251
333,-0.48,0.28,0.08,-2.498948,-0.476049,0.377014,14.015674
334,-0.44,0.28,0.08,-2.568741,-0.671028,0.365018,14.092384
335,-0.4,0.28,0.08,-2.583825,-0.824277,0.380551,14.163887
336,-0.36,0.28,0.08,-2.547873,-0.917417,0.421562,14.226101
337,-0.32,0.28,0.08,-2.475681,-0.934542,0.483637,14.256613
338,-0.28,0.28,0.08,-2.381122,-0.860169,0.564081,14.216002
339,-0.24,0.28,0.08,-2.277589,-0.691767,0.655503,14.043102
340,-0.2,0.28,0.08,-2.167297,-0.442177,0.750019,13.701651
341,0.4,0.32,0.08,-2.09158,0.20563,0.441253,13.608088
342,0.44,0.32,0.08,-2.25304,-0.003787,0.358628,13.954491
343,0.48,0.32,0.08,-2.370798,-0.250368,0.29428,14.129711
344,-0.48,0.32,0.08,-2.436884,-0.520211,0.257097,14.211013
345,-0.44,0.32,0.08,-2.447848,-0.791578,0.248071,14.29828
346,-0.4,0.32,0.08,-2.40496,-1.039054,0.266698,14.405903
347,-0.36,0.32,0.08,-2.325647,-1.22841,0.311314,14.519126
348,-0.32,0.32,0.08,-2.250357,-1.310122,0.378049,14.602773
349,-0.28,0.32,0.08,-2.228043,-1.233772,0.460637,14.594605
350,-0.24,0.32,0.08,-2.25168,-1.008946,0.555989,14.417253
351,0.44,0.36,0.08,-2.357064,0.050532,0.262793,14.104301
352,0.48,0.36,0.08,-2.442229,-0.164292,0.189157,14.148717
353,-0.48,0.36,0.08,-2.471811,-0.440358,0.147745,14.190894
354,-0.44,0.36,0.08,-2.439215,-0.752676,0.139612,14.286249
355,-0.4,0.36,0.08,-2.340901,-1.076629,0.159862,14.423884
356,-0.36,0.36,0.08,-2.181458,-1.38642,0.206409,14.58233
357,-0.32,0.36,0.08,-2.001871,-1.62644,0.276456,14.720518
358,-0.28,0.36,0.08,-2.045153,-1.547911,0.364286,14.758727
359,0.48,0.4,0.08,-2.549364,-0.068929,0.117216,13.886698
360,-0.48,0.4,0.08,-2.567274,-0.288855,0.058386,13.973017
361,-0.44,0.4,0.08,-2.522378,-0.585151,0.046727,14.103516
362,-0.4,0.4,0.08,-2.412963,-0.921157,0.067088,14.270536
363,-0.36,0.4,0.08,-2.238605,-1.267646,0.115769,14.460468
364,-0.32,0.4,0.08,-2.019895,-1.588052,0.187433,14.63671
365,-0.48,0.44,0.08,-2.673905,-0.152457,0.013535,13.688628
366,-0.44,0.44,0.08,-2.636755,-0.368469,-0.022599,13.843214
367,-0.4,0.44,0.08,-2.541756,-0.66426,-0.006194,14.041266
368,-0.36,0.44,0.08,-2.396883,-0.983889,0.042531,14.257418
369,-0.44,0.48,0.08,-2.734909,-0.195123,-0.041947,13.589154
370,-0.4,0.48,0.08,-2.659106,-0.396119,-0.050685,13.798481
371,0.36,0.24,0.12,-1.567805,0.370249,0.903753,12.5143
372,0.4,0.24,0.12,-1.857654,0.146548,0.817635,12.963105
373,0.44,0.24,0.12,-2.133462,-0.051986,0.727231,13.324389
374,0.48,0.24,0.12,-2.380643,-0.216362,0.641364,13.556562
375,-0.48,0.24,0.12,-2.582707,-0.341716,0.568107,13.674677
376,-0.44,0.24,0.12,-2.727912,-0.427534,0.514643,13.724087
377,-0.4,0.24,0.12,-2.802276,-0.469362,0.487367,13.741719
378,0.4,0.28,0.12,-1.894208,0.154914,0.688231,13.190361
379,0.44,0.28,0.12,-2.105604,-0.07685,0.597298,13.607625
380,0.48,0.28,0.12,-2.289534,-0.291461,0.508706,13.904686
381,-0.48,0.28,0.12,-2.437401,-0.478672,0.434989,14.064985
382,-0.44,0.28,0.12,-2.542544,-0.629591,0.383988,14.142557
383,-0.4,0.28,0.12,-2.60011,-0.737286,0.359295,14.18564
384,-0.36,0.28,0.12,-2.605528,-0.790424,0.365368,14.212218
385,-0.32,0.28,0.12,-2.562315,-0.784544,0.399579,14.219349
386,-0.28,0.28,0.12,-2.474896,-0.712365,0.460538,14.189945
387,-0.24,0.28,0.12,-2.355303,-0.575625,0.541408,14.080445
388,-0.2,0.28,0.12,-2.207853,-0.377254,0.635089,13.835018
389,-0.16,0.28,0.12,-2.042243,-0.130679,0.729445,13.438373
390,0.44,0.32,0.12,-2.154182,-0.042021,0.464823,13.832666
391,0.48,0.32,0.12,-2.281138,-0.278952,0.371306,14.196464
392,-0.48,0.32,0.12,-2.368141,-0.516273,0.293063,14.379649
393,-0.44,0.32,0.12,-2.413177,-0.741556,0.241499,14.466832
394,-0.4,0.32,0.12,-2.417445,-0.936044,0.22095,14.539664
395,-0.36,0.32,0.12,-2.389426,-1.074062,0.233016,14.609773
396,-0.32,0.32,0.12,-2.346676,-1.128938,0.276611,14.662779
397,-0.28,0.32,0.12,-2.310648,-1.078399,0.345569,14.668406
398,-0.24,0.32,0.12,-2.28423,-0.920919,0.432776,14.56699
399,-0.2,0.32,0.12,-2.254976,-0.676359,0.53386,14.282862
400,0.48,0.36,0.12,-2.3444,-0.211314,0.251268,14.386254
401,-0.48,0.36,0.12,-2.388797,-0.452097,0.160573,14.529606
402,-0.44,0.36,0.12,-2.382085,-0.719065,0.104331,14.591071
403,-0.4,0.36,0.12,-2.323051,-0.994197,0.085842,14.688617
404,-0.36,0.36,0.12,-2.220345,-1.247673,0.10285,14.809643
405,-0.32,0.36,0.12,-2.111973,-1.424818,0.152957,14.927225
406,-0.28,0.36,0.12,-2.093275,-1.422404,0.230247,14.98835
407,-0.24,0.36,0.12,-2.182248,-1.222604,0.32575,14.895326
408,-0.48,0.4,0.12,-2.469689,-0.342742,0.06742,14.320307
409,-0.44,0.4,0.12,-2.441466,-0.58663,-0.009709,14.45
410,-0.4,0.4,0.12,-2.354048,-0.884517,-0.034015,14.59407
411,-0.36,0.4,0.12,-2.206195,-1.206497,-0.014139,14.761685
412,-0.32,0.4,0.12,-1.998828,-1.526064,0.041669,14.933277
413,-0.28,0.4,0.12,-1.83799,-1.723103,0.125656,15.050283
414,-0.44,0.44,0.12,-2.541013,-0.431638,-0.069564,14.148673
415,-0.4,0.44,0.12,-2.459116,-0.675096,-0.121839,14.351999
416,-0.36,0.44,0.12,-2.322476,-0.982917,-0.10648,14.565461
417,-0.32,0.44,0.12,-2.143997,-1.298596,-0.047074,14.775471
418,-0.4,0.48,0.12,-2.572781,-0.477958,-0.143052,14.061448
419,-0.36,0.48,0.12,-2.462004,-0.706458,-0.160471,14.316535
420,0.48,0.32,0.16,-2.215328,-0.346039,0.498363,14.075899
421,-0.48,0.32,0.16,-2.297121,-0.593928,0.39884,14.423866
422,-0.44,0.32,0.16,-2.351299,-0.801848,0.311519,14.587297
423,-0.4,0.32,0.16,-2.382357,-0.953287,0.246426,14.647814
424,-0.36,0.32,0.16,-2.395947,-1.034236,0.212183,14.669118
425,-0.48,0.36,0.16,-2.318441,-0.530904,0.258126,14.675619
426,-0.44,0.36,0.16,-2.315819,-0.777987,0.15805,14.895245
427,-0.4,0.36,0.16,-2.27661,-1.006111,0.086834,14.964025
428,-0.36,0.36,0.16,-2.217202,-1.192385,0.053051,15.027602
429,-0.32,0.36,0.16,-2.168042,-1.29338,0.059979,15.084692
430,-0.28,0.36,0.16,-2.17,-1.265786,0.104391,15.112759
431,-0.24,0.36,0.16,-2.217133,-1.112692,0.182711,15.079967
432,-0.2,0.36,0.16,-2.268444,-0.876398,0.28597,14.871836
433,-0.44,0.4,0.16,-2.360161,-0.67427,0.033419,14.841831
434,-0.4,0.4,0.16,-2.282374,-0.921981,-0.056766,14.983382
435,-0.36,0.4,0.16,-2.157593,-1.185264,-0.095,15.116431
436,-0.32,0.4,0.16,-2.004692,-1.434087,-0.083556,15.256219
437,-0.28,0.4,0.16,-1.918403,-1.553144,-0.026527,15.373216
438,-0.24,0.4,0.16,-2.04916,-1.388334,0.065962,15.372984
439,-0.4,0.44,0.16,-2.361589,-0.771969,-0.144122,14.705123
440,-0.36,0.44,0.16,-2.231154,-1.019274,-0.207655,14.932559
441,-0.32,0.44,0.16,-2.054698,-1.309885,-0.198254,15.143946
442,-0.28,0.44,0.16,-1.842361,-1.602714,-0.132842,15.325385
443,-0.36,0.48,0.16,-2.350464,-0.821221,-0.244128,14.635807
444,-0.32,0.48,0.16,-2.207699,-1.054434,-0.26291,14.910052
445,-0.4,0.4,0.2,-2.220627,-1.031396,0.033097,15.3902
446,-0.36,0.4,0.2,-2.096495,-1.262857,-0.062267,15.450222
447,-0.32,0.4,0.2,-1.982313,-1.430284,-0.113594,15.487154
448,-0.36,0.44,0.2,-2.14156,-1.137817,-0.187123,15.296058
449,-0.32,0.44,0.2,-1.964999,-1.369294,-0.254745,15.51912
450,-0.28,0.44,0.2,-1.783352,-1.590963,-0.250893,15.693345
451,-0.24,0.44,0.2,-1.884966,-1.501082,-0.181944,15.802005
452,-0.32,0.48,0.2,-2.077563,-1.190324,-0.319739,15.248786
453,-0.28,0.48,0.2,-1.902504,-1.413924,-0.331093,15.517205
454,-0.28,0.48,0.24,-1.760719,-1.558304,-0.349911,15.842566
